Statistic,PetalLength
Mean,3.758666666666666
Median,4.35
Mode,1.5
Variance,3.113179418344519
Standard Deviation,1.7644204199522626
Q1,1.6
Q2,4.35
Q3,5.1
IQR,3.4999999999999996
