Statistic,Age
Mean,29.69911764705882
Median,28.0
Mode,24.0
Variance,211.01912474630802
Standard Deviation,14.526497332334042
Q1,20.125
Q2,28.0
Q3,38.0
IQR,17.875
